houseID,username,requestID,ratingScore,comment
5161,user1,5788,1.000000,Ok
5161,user1,5788,1.000000,Ok
5161,user2,5788,1.000000,Ok
5161,user3,5788,1.000000,Ok
5161,user4,5788,1.000000,Ok
5161,user5,5788,1.000000,Ok
5161,user7,5788,1.000000,Ok
