username,password,creditPoints,fullname,phoneNum,rating,numberOfRate
user1,123,500,user1,087654321,5.000000,10
user2,123,500,user2,087654321,5.000000,10
user3,123,500,user3,087654321,5.000000,10
user4,123,500,user4,087654321,5.000000,10
user5,123,500,user5,087654321,5.000000,10
user6,123,500,user6,087654321,5.000000,10
user7,123,500,user7,087654321,5.000000,10
user8,123,500,user8,087654321,5.000000,10
user9,123,500,user9,087654321,5.000000,10
user10,123,500,user10,087654321,5.000000,10
